"H. P. Lovecraft","<|phoneme_start|>EY T CH<|phoneme_end|> <|phoneme_start|>P IY1<|phoneme_end|> <|phoneme_start|>L AH1 V K R AE0 F T<|phoneme_end|>"
"H. P. Lovecrafts","<|phoneme_start|>EY T CH<|phoneme_end|> <|phoneme_start|>P IY1<|phoneme_end|> <|phoneme_start|>L AH1 V K R AE0 F T S<|phoneme_end|>"
"Nyarlathotep","<|phoneme_start|>N AY0 AA1 R L AH0 TH OW0 T EH0 P<|phoneme_end|>"
"Yog-Sothoth","<|phoneme_start|>Y AO1 G<|phoneme_end|> <|phoneme_start|>S AA2 TH AA0 TH<|phoneme_end|>"
"Azathoth","<|phoneme_start|>AE0 Z AE1 TH AA0 TH<|phoneme_end|>"
"Shub-Niggurath","<|phoneme_start|>SH AH1 B<|phoneme_end|> <|phoneme_start|>N IH2 G ER0 AE0 TH<|phoneme_end|>"
"R'lyeh","<|phoneme_start|>R AH0 L IY1 EH0<|phoneme_end|>"
"Yuggoth","<|phoneme_start|>Y AH1 G AA0 TH<|phoneme_end|>"
"Mi-Go","<|phoneme_start|>M IY1 G OW0<|phoneme_end|>"
"Kadath","<|phoneme_start|>K AE1 D AE0 TH<|phoneme_end|>"
"Leng","<|phoneme_start|>L EH1 NG<|phoneme_end|>"
"Dunwich","<|phoneme_start|>D AH1 N W IH0 CH<|phoneme_end|>"
"Ph'nglui","<|phoneme_start|>F AH0 N G L UW1 IY0<|phoneme_end|> (break)"
"mglw'nafh","<|phoneme_start|>M AH0 G L W AH0 N AE1 F<|phoneme_end|> (break)"
"fhtagn!","<|phoneme_start|>F T AE1 G N<|phoneme_end|> (break)"
"fhtagn","<|phoneme_start|>F T AE1 G N<|phoneme_end|> (break)"
"Deep Ones","<|phoneme_start|>D IY1 P<|phoneme_end|> <|phoneme_start|>W AH0 N Z<|phoneme_end|>"
"Great Old Ones","<|phoneme_start|>G R EY1 T<|phoneme_end|><|phoneme_start|>OW1 L D<|phoneme_end|><|phoneme_start|>W AH0 N Z<|phoneme_end|>"
"Outer Gods","<|phoneme_start|>AW1 T ER0<|phoneme_end|> <|phoneme_start|>G AA1 D Z<|phoneme_end|>"
"Arkham","<|phoneme_start|>AA1 R K AH0 M<|phoneme_end|>"
"Innsmouth","<|phoneme_start|>IH1 N Z M AW0 TH<|phoneme_end|>"
"Armitage","<|phoneme_start|>AA1 R M IH0 T AH0 JH<|phoneme_end|>"
"Armitages","<|phoneme_start|>AA1 R M IH0 T AH0 JH S<|phoneme_end|>"
"Ia! Ia!","<|phoneme_start|>IY1 EH0 IY1 EH0<|phoneme_end|>"
"Iä! Iä!","<|phoneme_start|>IY1 EH0 IY1 EH0<|phoneme_end|>"
"Ia!","<|phoneme_start|>IY1 EH0<|phoneme_end|>"
"Iä!","<|phoneme_start|>IY1 EH0<|phoneme_end|>"
"Tekeli-li!","<|phoneme_start|>T EH0 K EH1 L IY0<|phoneme_end|> (break) <|phoneme_start|>L IY1<|phoneme_end|>!"
"Tekeli-li","<|phoneme_start|>T EH0 K EH1 L IY0<|phoneme_end|> (break) <|phoneme_start|>L IY1<|phoneme_end|>!"
"Y'bthnk!","<|phoneme_start|>Y AH0 B TH IH1 N K<|phoneme_end|>"
"Y'bthnk","<|phoneme_start|>Y AH0 B TH IH1 N K<|phoneme_end|>"
"Unspeakable!","<|phoneme_start|>AH0 N S P IY1 K AH0 B AH0 L<|phoneme_end|>"
"Unspeakable","<|phoneme_start|>AH0 N S P IY1 K AH0 B AH0 L<|phoneme_end|>"
"Madness!","<|phoneme_start|>M AE1 D N AH0 S<|phoneme_end|>"
"Madness","<|phoneme_start|>M AE1 D N AH0 S<|phoneme_end|>"
"Ammi","<|phoneme_start|>AE1 M IY0<|phoneme_end|>"
"Ammis","<|phoneme_start|>AE1 M IY0 S<|phoneme_end|>"
"Miasmas","<|phoneme_start|>M IY0 AA1 Z M AH0 S<|phoneme_end|>"
"Thad","<|phoneme_start|>DH EH1 D<|phoneme_end|>"
"Mernie","<|phoneme_start|>M ER1 N IY0<|phoneme_end|>"
"Nahum","<|phoneme_start|>N AA1 HH UW0 M<|phoneme_end|>"
"Nahums","<|phoneme_start|>N AA1 HH UW0 M S<|phoneme_end|>"
"Baudelaires","<|phoneme_start|>B OW1 D AH0 L EH1 R Z<|phoneme_end|>"
"Jervas","<|phoneme_start|>T S CH AE1 R V IH S<|phoneme_end|>"
"Plutarch","<|phoneme_start|>P L UW1 T AA R CH<|phoneme_end|>"
"Vergil","<|phoneme_start|>F EH1 R<|phoneme_end|><|phoneme_start|>G IH L<|phoneme_end|>"
"Äonen","Eh-Onen"
"Tonzylindern","Ton-zylindern"
 "…","..."
 "Vätern","Fätern"
 "Großvätern","Grossfätern"
 "Kameltreiber","Ka-mehl-treiber"
 "Kamel","Ka-mehl"
 "türkisfarbenen ","türkis farbenen "
 "Anzique","<|phoneme_start|>AA N Z IY1 K<|phoneme_end|>"
 "Anzique-Stammes","<|phoneme_start|>AA N Z IY1 K<|phoneme_end|> Stammes"
 "Anzique-Stamme","<|phoneme_start|>AA N Z IY1 K<|phoneme_end|> Stamme"
 "De Bry","<|phoneme_start|>D AH<|phoneme_end|> <|phoneme_start|>B R IY1<|phoneme_end|>"
 "Neuengland","Neu-England"
 "Eissplitter","Eis-Schplitter"
 "Melange","<|phoneme_start|>M EY L AA1 N ZH<|phoneme_end|>"
 "irreversibel","ir-reversibel"
"antik","<|phoneme_start|>AE0 N<|phoneme_end|> <|phoneme_start|>T IY1 K<|phoneme_end|>"